first_name,last_name,email,linkedin_url
Charlie,Brown,charlie@example.com,https://www.linkedin.com/in/charlie-brown
Emma,Davis,emma@example.com,https://www.linkedin.com/in/emma-davis
Bob,Smith,bob@example.com,https://www.linkedin.com/in/bob-smith
Frank,Miller,frank@example.com,https://www.linkedin.com/in/frank-miller
Grace,Wilson,grace@example.com,https://www.linkedin.com/in/grace-wilson